,arm_name,x1,x2,x3,score,trial_index
0,0_0,0.9292265623807907,0.490238631144166,0.12378529366105795,0.1,0
1,0_1,0.7198175499215722,0.553170520812273,0.3951368033885956,0.1,0
2,0_2,0.4345716293901205,0.23229148238897324,0.7493254346773028,0.1,0
3,0_3,0.3667769320309162,0.7266963021829724,0.1365985032171011,0.1,0
4,0_4,0.5424952087923884,0.05034100357443094,0.9689404787495732,0.1,0
